{
  "balance": 200.0,
  "log": [
    {
      "type": "adjust",
      "content": "班费余额调整为：200 元",
      "time": "2025-04-02 09:30"
    },
    {
      "type": "use",
      "studentId": "2025002",
      "name": "Bob",
      "amount": 30,
      "reason": "打印宣传海报",
      "approved": true,
      "time": "2025-04-02 10:00"
    }
  ],
  "requests": [
    {
      "studentId": "2025001",
      "name": "Alice",
      "amount": 50,
      "reason": "购买班级蛋糕",
      "time": "2025-04-02 11:00",
      "status": "pending"
    }
  ]
}
