[
  {
    "name": "Alice",
    "studentId": "2025001",
    "password": "2025001",
    "college": "建筑与艺术学院",
    "major": "艺术与科技",
    "class": "艺科2404",
    "avatar": "default.png",
    "online": true
  },
  {
    "name": "Bob",
    "studentId": "2025002",
    "password": "2025002",
    "college": "建筑与艺术学院",
    "major": "艺术与科技",
    "class": "艺科2404",
    "avatar": "default.png",
    "online": false
  },
  {
    "name": "余福安",
    "studentId": "1916240408",
    "password": "1916240408",
    "college": "建筑与艺术学院",
    "major": "艺术与科技",
    "class": "艺科2404",
    "avatar": "default.png",
    "online": false
  },
  {
    "name": "陈晨",
    "studentId": "1916240407",
    "password": "1916240407",
    "college": "建筑与艺术学院",
    "major": "艺术与科技",
    "class": "艺科2404",
    "avatar": "default.png",
    "online": false
  }
]